Feature,Importance
Crop_Coconut,0.8461297257977509
Annual_Rainfall,0.031869674426230364
Pesticide,0.019758884992331225
State_Karnataka,0.019739697237948
Fertilizer,0.01836154486785925
Area,0.0159463753441456
State_West Bengal,0.012566129828342076
State_Assam,0.010890922443400678
Crop_Year,0.007472760690079214
State_Telangana,0.0048813011821358
State_Chhattisgarh,0.00431072465818241
State_Puducherry,0.0026620105104258676
State_Andhra Pradesh,0.002423687145420183
State_Tamil Nadu,0.0019527794269921345
State_Goa,0.0004770905786492145
State_Mizoram,0.00021793363855495995
Crop_Sugarcane,9.398114352909834e-05
Season_Kharif,8.852690284720281e-05
State_Kerala,5.92783148313375e-05
Season_Whole Year,1.7654414981023788e-05
State_Maharashtra,1.723461457664044e-05
Season_Autumn,1.3108819868883666e-05
Crop_Banana,9.101030770478186e-06
Crop_Maize,6.34771124694746e-06
Crop_Potato,5.831731562693196e-06
State_Delhi,4.915708013027005e-06
Crop_Onion,4.03171943731486e-06
State_Manipur,3.806428712883791e-06
Crop_Tapioca,2.913018343771639e-06
State_Gujarat,2.1277588963229383e-06
Crop_Sweet potato,1.0922830144103431e-06
State_Meghalaya,9.339808388140166e-07
State_Himachal Pradesh,8.922479346887287e-07
State_Madhya Pradesh,6.985890000485073e-07
State_Jammu and Kashmir,6.882006243231427e-07
State_Arunachal Pradesh,6.386156622965264e-07
State_Haryana,5.998801104098819e-07
Crop_Ginger,5.208056047777011e-07
Crop_Bajra,5.086076248678854e-07
Crop_Jute,4.5930662453306063e-07
Season_Rabi,3.253022070603342e-07
Crop_Mesta,2.3608341785470592e-07
State_Tripura,2.2404230824611042e-07
State_Nagaland,2.1424589320715724e-07
State_Uttar Pradesh,1.9801730122526492e-07
Crop_Cotton(lint),1.813660068908761e-07
Crop_Garlic,1.779358144068484e-07
Crop_Cashewnut,1.7745679821235013e-07
State_Bihar,1.60695874354621e-07
Season_Winter,1.2652122926167146e-07
Crop_Turmeric,1.0974331298932778e-07
Crop_Rice,1.0149606797139274e-07
State_Punjab,9.544256160795144e-08
State_Odisha,9.29127213799557e-08
State_Uttarakhand,8.123060084901373e-08
State_Jharkhand,8.080600907591662e-08
Season_Summer,6.16567368338622e-08
Crop_Tobacco,5.0235005472379155e-08
Crop_Dry chillies,4.4799592609447736e-08
Crop_Wheat,3.7323105164627014e-08
Crop_Sesamum,3.6616226553514817e-08
Crop_Arecanut,1.937967654794112e-08
Crop_Groundnut,8.28420595761257e-09
Crop_other oilseeds,8.256341299160504e-09
Crop_Barley,5.659057138909481e-09
Crop_Peas & beans (Pulses),2.5814715261899575e-09
Crop_Sannhamp,2.1131990295873015e-09
Crop_Cardamom,1.5066915393767088e-09
Crop_Oilseeds total,1.2575857582148761e-09
State_Sikkim,9.502360238771772e-10
Crop_Guar seed,8.62602478476837e-10
Crop_Coriander,2.841537293033499e-10
Crop_Castor seed,1.0104681118825275e-10
Crop_Ragi,6.717102558732572e-11
Crop_Arhar/Tur,5.354699173260233e-11
Crop_Jowar,4.176802551908338e-11
Crop_Rapeseed &Mustard,1.9404052252295465e-11
Crop_Moong(Green Gram),1.744107999368883e-11
Crop_Black pepper,1.6527781789120606e-11
Crop_Soyabean,5.101392180218146e-12
Crop_Urad,4.1755946883143454e-12
Crop_Sunflower,3.745461212401647e-12
Crop_Other  Rabi pulses,1.1736321512453957e-12
Crop_Small millets,6.49070622149713e-13
Crop_Gram,5.38406453011174e-13
Crop_Other Kharif pulses,5.301476224527806e-13
Crop_Horse-gram,4.6762591376944715e-14
Crop_Moth,1.696401389909637e-14
Crop_Masoor,0.0
Crop_Linseed,0.0
Crop_Khesari,0.0
Crop_Cowpea(Lobia),0.0
Crop_Other Cereals,0.0
Crop_Niger seed,0.0
Crop_Other Summer Pulses,0.0
Crop_Safflower,0.0
